﻿name,email,company,phone,address1,address2,fax,mobile,city,state,zip,country,notes,affiliateID
"Aldrin, Buzz","adrin@buzz.com","Buzz Cie","514-123-1234","123 Buzz Street","Suite 100","514-123-1111","514-123-1112","montreal","quebec","H2X 3P1","Canada","my notes",
"Tom, Jerry","tom@jerry.com","Jerry Cie","514-123-1234","123 Jerry Street",,"Suite 100",,"montreal","quebec","H2X 3P1","Canada","my notes",
"Bugs, Bunny","bugs@bunny.com","Bunny Cie","514-123-1234","123 Bunny Street","Suite 100",,,"montreal","quebec","H2X 3P1","Canada","my notes",

